name,phi,haralick,lbp,classification
9.jpg,"[0.005678400079903525, 0.0065784794638894814, 0.019313408506873693, 0.008899694825365755, 0.014188293281967686, 0.012169846461513426, 0.019373591529317044, 0.03643998796227677, 0.03449083736492052, 0.03122633439981364, 0.04899628680609089, 0.06111332452791077, 0.0955302749961402, 0.07912839295262085, 0.09938800715522733, 0.15368614168252165, 0.13504266904758355, 0.16357385861945054, 0.09686488975918577, 0.1258409926356312, 0.21570050161821486, 0.17636164601420015, 0.16779648779302284, 0.1315063384955458, 0.13355413209513511, 0.16680953629781856, 0.12385878292327512, 0.15909126930441855, 0.14443263388779226, 0.10713322926186895, 0.1277095738915954, 0.09838243976274592, 0.11054341148378713, 0.06593424672621931, 0.0675444297215892, 0.07670727178528174, 0.05654017470717569, 0.07813148171592879, 0.06852196191212404, 0.060676033019255005, 0.08437437123298985, 0.04109538594051323, 0.053685994772943064, 0.04342894197624109, 0.04759574575799765, 0.060452237636082755, 0.0468327911968225, 0.05498872755509325, 0.055728597768076704, 0.03729285477178223, 0.0437252424421834, 0.027479268997710714, 0.03538191204752188, 0.029987107241193463, 0.0325262665047668, 0.04023749455153164, 0.0631700008362528, 0.05433111663484387, 0.05678292683265573, 0.04180883582403116, 0.061789049649567475, 0.02870964849589834, 0.0684962962616255, 0.0525424181603457, 0.06735063394823249, 0.1060697675797, 0.0958794809453378, 0.07596535194132359, 0.058310122027982116, 0.10805837024084274, 0.1430866872072304, 0.10858180727149104, 0.2129751289509606, 0.24667568928609046, 1.5745139329338105]","[0.0008419106052773139, 2536.151158785273, 0.8239492873115449, 7203.818081755671, 0.06716899417946165, 246.49597171044343, 26279.121168237434, 8.508604954168469, 12.104236832004277, 4.520844782239453e-05, 6.512600812301365, -0.37970768591834153, 0.9982777777172316, 4.107305756809866]","[1.1246744791666667, 0.0, 0.0, 0.8072916666666665, 0.0, 0.0, 0.5135091145833329, 0.0, 0.0, 0.8878580729166659]",consolidacao
